{
    "LogisticRegression": {
        "accuracy": 0.7467532467532467,
        "precision": 0.6379310344827587,
        "recall": 0.6727272727272727,
        "f1_score": 0.6548672566371682
    },
    "RandomForest": {
        "accuracy": 0.7337662337662337,
        "precision": 0.625,
        "recall": 0.6363636363636364,
        "f1_score": 0.6306306306306306
    }
}